relationship_advice	1.0
fountainpens	9.0
abrathatfits	6.0
the_donald	25.0
cyberpunk	10.0
netflixbestof	32.54168061600268
fitness	1.0
leagueoflegends	1.0
militaryporn	54.0
music	1.0
rickandmorty	8.0
scenesfromahat	7.0
croatia	6.0
reddevils	48.0
hillaryclinton	26.0
jailbreak	1.0
space	6.0
highqualitygifs	56.48510210913963
iama	20.0
community	12.0
socialism	13.0
gaming	1.0
explainlikeimfive	2.0
movies	4.0
windowsphone	4.0
new	2.0
samplesize	1.0
rant	2.0
turkey	7.0
abandonedporn	33.0
eagles	23.0
popheads	23.0
strangerthings	14.0
chemistry	2.0
alternativeart	33.0
casualnintendo	2.0
graphic_design	2.0
writing	2.0
opieandanthony	4.0
android	64.0
blackpeopletwitter	787.148978908604
makeupaddiction	9.0
perfectfit	44.0
gentlemanboners	87.0
socialskills	3.0
kpop	35.0
mensrights	17.0
mma	35.0
bikinibottomtwitter	197.0
losangeles	5.0
historyporn	47.0
science	30.0
